{
  "project_info": {
    "project_number": "603808935506",
    "project_id": "chatapp-43fbf",
    "storage_bucket": "chatapp-43fbf.appspot.com"
  },
  "client": [
    {
      "client_info": {
        "mobilesdk_app_id": "1:603808935506:android:7b1e4ed8c83697cde2b98b",
        "android_client_info": {
          "package_name": "com.flutter.firebase.example.chat_app"
        }
      },
      "oauth_client": [],
      "api_key": [
        {
          "current_key": "AIzaSyAKqZGoY1kPK6MfyOOzUOLXVdA6xQ-CBfg"
        }
      ],
      "services": {
        "appinvite_service": {
          "other_platform_oauth_client": []
        }
      }
    }
  ],
  "configuration_version": "1"
}